[
  {
    "action": "smalltalk.greetings.bye",
    "customAnswers": [
      "See U!",
      "Bye~",
      "Bye! Hope to see you again soon!"
    ]
  },
  {
    "action": "smalltalk.greetings.goodevening",
    "customAnswers": [
      "Good evening!",
      "Good evening to you too!"
    ]
  },
  {
    "action": "smalltalk.greetings.goodmorning",
    "customAnswers": [
      "Good morning!",
      "Good morning to you too!"
    ]
  },
  {
    "action": "smalltalk.greetings.goodnight",
    "customAnswers": [
      "Good night!",
      "Good night to you too!"
    ]
  }
]