[
  {
    "id": "bead625f-bef4-4a3e-ab50-8f276c8c063d",
    "data": [
      {
        "text": "new",
        "userDefined": false
      }
    ],
    "isTemplate": false,
    "count": 0,
    "updated": 0
  },
  {
    "id": "596561a9-310d-497e-93fb-7a020f2c0613",
    "data": [
      {
        "text": "New",
        "meta": "@sys.ignore",
        "userDefined": true
      },
      {
        "text": " logbook",
        "userDefined": false
      }
    ],
    "isTemplate": false,
    "count": 0,
    "updated": 0
  },
  {
    "id": "ced49f44-446b-4b8e-89de-a9796519c2cd",
    "data": [
      {
        "text": "Create",
        "meta": "@sys.ignore",
        "userDefined": true
      }
    ],
    "isTemplate": false,
    "count": 0,
    "updated": 0
  },
  {
    "id": "15f5e88d-500a-482c-bc1e-21c2fdb5e086",
    "data": [
      {
        "text": "Create",
        "meta": "@sys.ignore",
        "userDefined": true
      },
      {
        "text": " Logbooks",
        "userDefined": false
      }
    ],
    "isTemplate": false,
    "count": 1,
    "updated": 0
  }
]