[
  {
    "id": "b49b18f2-7e81-47fd-996b-eb6dc0107456",
    "data": [
      {
        "text": "look at",
        "userDefined": false
      }
    ],
    "isTemplate": false,
    "count": 0,
    "updated": 0
  },
  {
    "id": "0c743327-201b-4743-9e7e-d08f2765256b",
    "data": [
      {
        "text": "see",
        "userDefined": false
      }
    ],
    "isTemplate": false,
    "count": 0,
    "updated": 0
  },
  {
    "id": "d9e31d5b-5ddb-483b-8899-a819f23a8bc6",
    "data": [
      {
        "text": "give",
        "userDefined": false
      }
    ],
    "isTemplate": false,
    "count": 0,
    "updated": 0
  },
  {
    "id": "42587b84-4cf7-4799-b36a-68f3ee1d740e",
    "data": [
      {
        "text": "display",
        "userDefined": false
      }
    ],
    "isTemplate": false,
    "count": 0,
    "updated": 0
  },
  {
    "id": "e3e7cbc4-5bba-45f9-885f-e1df67b71f6e",
    "data": [
      {
        "text": "logbook show",
        "userDefined": false
      }
    ],
    "isTemplate": false,
    "count": 0,
    "updated": 0
  },
  {
    "id": "f3c7e889-9132-4f8c-9dba-f8c45db96285",
    "data": [
      {
        "text": "show my logbooks",
        "userDefined": false
      }
    ],
    "isTemplate": false,
    "count": 0,
    "updated": 0
  },
  {
    "id": "d47dc17a-d9ee-436b-bb08-1967bfd2ff13",
    "data": [
      {
        "text": "show",
        "userDefined": false
      }
    ],
    "isTemplate": false,
    "count": 0,
    "updated": 0
  }
]