[
  {
    "id": "84fa28eb-42fb-4af2-88dd-9172bb6afc36",
    "data": [
      {
        "text": "what is ",
        "userDefined": false
      },
      {
        "text": "on",
        "meta": "@sys.ignore",
        "userDefined": false
      },
      {
        "text": " ",
        "userDefined": false
      },
      {
        "text": "your",
        "meta": "@sys.ignore",
        "userDefined": false
      },
      {
        "text": " mind",
        "userDefined": false
      }
    ],
    "isTemplate": false,
    "count": 0,
    "updated": 0
  },
  {
    "id": "e814b10e-9768-400e-a987-3a938fb3fe7a",
    "data": [
      {
        "text": "good",
        "meta": "@sys.ignore",
        "userDefined": false
      },
      {
        "text": " what\u0027s up",
        "userDefined": false
      }
    ],
    "isTemplate": false,
    "count": 0,
    "updated": 0
  },
  {
    "id": "412adcc4-aea7-4fe8-bdd6-11eb12c7e911",
    "data": [
      {
        "text": "what\u0027s ",
        "userDefined": false
      },
      {
        "text": "up",
        "meta": "@sys.ignore",
        "userDefined": true
      },
      {
        "text": " ",
        "userDefined": false
      },
      {
        "text": "today",
        "meta": "@sys.ignore",
        "userDefined": true
      }
    ],
    "isTemplate": false,
    "count": 0,
    "updated": 0
  },
  {
    "id": "bf7b0ed3-aefa-4392-9f5f-6d32e3ed3754",
    "data": [
      {
        "text": "what\u0027s shaking",
        "userDefined": false
      }
    ],
    "isTemplate": false,
    "count": 0,
    "updated": 0
  },
  {
    "id": "61326530-2214-4365-bbc1-cfcfc0e52691",
    "data": [
      {
        "text": "what\u0027s cooking",
        "userDefined": false
      }
    ],
    "isTemplate": false,
    "count": 1,
    "updated": 0
  },
  {
    "id": "75c6cf05-547e-4541-ac47-8c98133b12d0",
    "data": [
      {
        "text": "what is going ",
        "userDefined": false
      },
      {
        "text": "on",
        "meta": "@sys.ignore",
        "userDefined": false
      }
    ],
    "isTemplate": false,
    "count": 0,
    "updated": 0
  },
  {
    "id": "c247f4a4-cc2e-4570-9ccb-dac6d466ecc1",
    "data": [
      {
        "text": "then what\u0027s up",
        "userDefined": false
      }
    ],
    "isTemplate": false,
    "count": 0,
    "updated": 0
  },
  {
    "id": "f4b3d9c0-9175-42ac-9d9e-516edf465f66",
    "data": [
      {
        "text": "what is up",
        "userDefined": false
      }
    ],
    "isTemplate": false,
    "count": 0,
    "updated": 0
  },
  {
    "id": "d6bf9656-ef85-452e-a77b-bfd5f62e0c21",
    "data": [
      {
        "text": "wassup",
        "userDefined": false
      }
    ],
    "isTemplate": false,
    "count": 0,
    "updated": 0
  },
  {
    "id": "edf79183-80ff-44ee-9e2e-d2b9bc4fff5d",
    "data": [
      {
        "text": "what is happening",
        "userDefined": false
      }
    ],
    "isTemplate": false,
    "count": 0,
    "updated": 0
  },
  {
    "id": "6445d274-0a0c-4afa-9a11-bba366176bc2",
    "data": [
      {
        "text": "what\u0027s happened",
        "userDefined": false
      }
    ],
    "isTemplate": false,
    "count": 1,
    "updated": 0
  },
  {
    "id": "df0ebe2e-45d4-496c-b9f6-669f44f5a9ca",
    "data": [
      {
        "text": "hey what\u0027s up",
        "userDefined": false
      }
    ],
    "isTemplate": false,
    "count": 0,
    "updated": 0
  },
  {
    "id": "bb412249-c109-444b-8a0e-7fafd09dae25",
    "data": [
      {
        "text": "what\u0027s cracking",
        "userDefined": false
      }
    ],
    "isTemplate": false,
    "count": 0,
    "updated": 0
  },
  {
    "id": "a1da3782-ab21-4626-8bb4-0d3e3cee5aa0",
    "data": [
      {
        "text": "what\u0027s up",
        "userDefined": false
      }
    ],
    "isTemplate": false,
    "count": 0,
    "updated": 0
  },
  {
    "id": "6e977d00-ceb5-4899-9fb4-f7f2f6afc57c",
    "data": [
      {
        "text": "I said what\u0027s up",
        "userDefined": false
      }
    ],
    "isTemplate": false,
    "count": 0,
    "updated": 0
  },
  {
    "id": "5003911d-4d65-4f09-8332-6b7ddd666af9",
    "data": [
      {
        "text": "whazzup",
        "userDefined": false
      }
    ],
    "isTemplate": false,
    "count": 0,
    "updated": 0
  }
]